type,max1,status
NO2,73.8771566741,0
Temperature,31.0,3
O3,47.651,0
PM 4,24.71,0
PM1,14.31,0
PM2.5,20.24,0
Humidity,81.4,0
PM10,28.15,0
CO,366.7162523192,0
Pressure,1006.7,0
NO,95.6987622515,0
Sound,78.0,0
